name,description,image_file_path
Healthcare,"AI/ML can be used for diagnostics, drug discovery, personalized medicine, and streamlining administrative tasks, leading to significantcost savings and improved patient outcomes.",healthcare.cms
Finance,"AI-driven solutions can improve fraud detection, risk management, trading algorithms, credit scoring, and personalized financial planning services.",finance.webp
Retail and E-commerce,"AI/ML can help with inventory management, demand forecasting, personalized recommendations, price optimization, and targeted marketing campaigns.",retail.jpg
Manufacturing,"AI can optimize production processes, improve quality control, predictive maintenance, and supply chain management, leading to reduced costs and increased efficiency.",manufacturing.webp
Agriculture,"AI/ML can be used for precision farming, crop yield prediction, pest and disease detection, and optimizing irrigation systems, resulting in higher yields and reduced resource usage.",Agriculture.jpg
Transportation and Logistics,"AI-driven solutions can optimize route planning, fleet management, and delivery scheduling, leading to reduced costs and improved efficiency.",transportaition.jpeg
Energy,"AI can optimize energy consumption, predict equipment failure, and improve renewable energy management, resulting in cost savings and more sustainable operations.",energy.webp
Telecommunications,"AI/ML can be used for network optimization, fraud detection, customer segmentation, and personalized marketing campaigns.",telecom.jpg
Marketing and Advertising,"AI-driven marketing tools can help with customer segmentation, targeted advertising, content generation, and campaign optimization.",marketing.png
Human Resources,"AI/ML can streamline recruitment processes, improve employee retention, and analyze performance metrics, leading to better talent management.",Human-Resources.jpg
Customer Service,"AI can be used to develop chatbots and virtual assistants that provide efficient, personalized customer support.",customercare.jpg
Education,"AI/ML can personalize learning experiences, develop adaptive learning systems, and automate grading and administrative tasks.",education.avif
Security and Surveillance,"AI-driven solutions can improve object detection, threat analysis, and anomaly detection in security systems.",security.jpg
Travel and Hospitality,"AI can optimize pricing strategies, personalize customer experiences, and streamline reservation processes.",travel.avif
Media and Entertainment,"AI/ML can be used for content generation, recommendation systems, and customer behavior analysis, resulting in higher user engagement and revenue generation.",media.jpg