question,answer
What are the benefits of AI/ML in media and entertainment?,AI/ML can revolutionize the media and entertainment industry by enhancing content personalization, improving audience engagement, optimizing ad targeting, generating data-driven insights, and driving innovation in content creation and distribution.
How can AI/ML improve content personalization?,AI-powered content personalization solutions analyze user behavior, preferences, and demographics to deliver tailored content recommendations, enhancing user experience and driving engagement across media and entertainment platforms.
How does AI/ML contribute to audience engagement?,AI-driven audience engagement tools use machine learning algorithms to analyze user data, enabling targeted marketing campaigns, interactive features, and personalized experiences that increase user satisfaction and retention.
What is the role of AI/ML in creative enhancements for media content?,AI-based creative enhancements leverage advanced algorithms to optimize image and video quality, automate video editing, and generate realistic visual effects, improving the overall production value and aesthetics of media content.
How can AI/ML help with data-driven insights in the media and entertainment industry?,AI-powered data-driven insights analyze large volumes of user data to identify trends, preferences, and consumption patterns, providing actionable insights for content creators and distributors to make informed decisions and optimize strategies.
How does AI/ML enhance automatic subtitling and dubbing?,AI-driven automatic subtitling and dubbing solutions use natural language processing and machine learning algorithms to generate accurate subtitles and high-quality voiceovers, improving accessibility and expanding the global reach of media content.
What are the applications of AI/ML in sentiment analysis for media and entertainment?,AI-powered sentiment analysis tools assess audience reactions and emotions across social media, reviews, and comments, providing valuable feedback for content creators and enabling targeted improvements to better cater to audience preferences.
How can AI/ML optimize ad targeting in the media and entertainment industry?,AI-driven ad optimization solutions analyze user data, behavior, and preferences to deliver targeted and personalized advertisements, increasing ad effectiveness, user satisfaction, and overall revenue for media and entertainment platforms.
How does AI/ML contribute to content generation?,AI-powered content generation tools use advanced algorithms to create realistic images, videos, animations, and even text, enabling the rapid development of diverse and engaging content for media and entertainment platforms.
What is the role of AI/ML in virtual and augmented reality?,AI-enhanced virtual and augmented reality solutions provide immersive and interactive experiences, transforming the way users consume and engage with media content, and driving innovation in the media and entertainment industry.
How can AI/ML improve video analytics?,AI-powered video analytics solutions enable real-time analysis of video content, extracting insights, identifying trends, and automating content tagging, streamlining content management, and enhancing searchability and discoverability.
What are the applications of AI/ML in speech recognition for media and entertainment?,AI-driven speech recognition technologies enable voice-activated interfaces and voice-controlled applications, improving accessibility, user experience, and engagement in media and entertainment platforms.
How does AI/ML contribute to social media analysis in the media and entertainment industry?,AI-powered social media analysis tools analyze user-generated content, trends, and influencers across social media platforms, providing valuable insights and data for content creators and marketers to optimize their strategies.